"","group1","group2","group3","group4"
"1",0.629051578198788,0.449651433581315,2.82485391673478,0.38651795121688
"2",1.00400137990755,0.612164372148729,2.3030812433413,0.583034226985947
"3",0.411199666502961,0.989775704644043,2.05300845930664,1.19448622151688
"4",1.18829602265636,0.989175155051956,3.48975376535827,0.459151850302493
"5",0.657777777406205,0.559683208915047,2.07034423296946,0.402224535351261
"6",0.320709659695034,1.58245591284929,1.52694867890179,0.40389537449269
"7",0.874495780273857,0.852293137826406,2.01429322680665,0.828461421400898
"8",0.460558857202782,0.81971059061613,0.925744677300325,0.31070421924523
"9",0.788958849867878,0.804278203688402,3.99185635590777,0.366577318837251
"10",0.583581547842277,1.14780400177887,2.73411624165772,0.340258320058592
"11",1.36773852255384,0.758289991675086,3.50410458615511,0.804716652754421
"12",1.05769342336697,1.23350843842531,1.73947009437341,0.44456531141886
"13",0.398139719628827,1.25116672485979,2.16789525291195,0.462819617004418
"14",0.548127894131981,1.20339553677739,1.43924704318351,0.484768766318717
"15",0.531856847878111,0.750139732720954,2.55474586864798,0.356248933336881
"16",0.760891373532752,0.924613978332413,1.51727038299774,0.646368026777348
"17",0.883659377696218,1.06706153672335,2.22701436971444,0.369856614656543
"18",0.999508694934792,1.50847729292108,3.61680128457197,0.568771430225867
"19",0.458505672361781,1.27679103562052,2.11911208139681,0.39731301205112
"20",0.932505793688232,1.04174454757585,3.81523978081762,0.319235098329972
"21",1.05172265810735,1.13740414012747,1.77053397277058,0.435391516018221
"22",0.517347956228462,0.716476107282217,3.12983065902563,0.429114856964233
"23",0.283795715621231,1.23585057936943,2.99289318778772,0.535562467655001
"24",0.49488718949,2.33618614373365,1.26489152406226,0.294318765031136
"25",0.792591931679526,0.599826591501415,3.53599466593412,0.596490084261431
"26",0.787421757697353,0.873386887340707,2.77383408062587,0.220742883902004
"27",1.70119605395559,1.45552558517279,2.22222918432827,0.67153527525892
"28",0.585798418338645,0.969623427640773,3.2742798990879,0.548868957455034
"29",0.063698935796697,1.11848122614316,1.96470217993191,0.251713421581698
"30",0.855232479466197,1.31470079278491,2.825258296088,0.44078102210258
"31",0.366450903507577,0.822297661244458,3.22025557921489,0.561354128915265
"32",0.389238780874259,1.07054145365825,4.68715844952911,0.409907574989296
"33",0.111079719634748,1.03092481437337,1.14679865198756,0.647807847562218
"34",1.00464277053273,1.44576667940565,2.3399022455067,0.788240412907447
"35",0.479231893376475,0.613649436252678,1.89474616660698,0.456794158849195
"36",0.634740864906818,0.985943270367273,2.56280294165531,0.708552684936937
"37",0.605056974120455,0.984937510804317,2.1307179734423,0.512606751468405
"38",0.387551140025558,0.906101190895352,2.39236503093599,0.7084118089953
"39",1.0708676767135,0.560238797642491,2.07413972724472,0.63644894972898
"40",0.5988297978728,1.62871994600021,3.18670913011798,0.957155746876207
"41",0.407458449444545,1.22017124649073,2.17379571935344,0.397969002643264
"42",0.245231234205676,1.40629340709429,3.4301286019716,0.555109128215028
"43",0.328012694788269,0.664205499399292,2.04218344006378,0.668346068820339
"44",0.134576955881098,0.369291059522061,2.38023848975253,0.255668087403384
"45",0.642379093744355,0.926331662428971,4.61293601154517,0.446393786337379
"46",0.344063263450034,1.10505580635878,5.48502233762729,0.546402871417579
"47",0.920704776139693,1.3622715821033,3.45010941144817,0.267995242786453
"48",0.125435167821611,1.00245529319717,2.02985841026799,0.796468725232835
"49",0.54189528530332,1.15923546388807,3.22633428208481,0.814868533449615
"50",1.30599459647775,1.6513041599721,1.78770111695438,0.521546214170611
"51",0.314049816050435,0.745197365957046,3.59479758959554,0.586020819464898
"52",0.433537584876068,0.795506871263064,2.79091787067401,0.280687604610693
"53",0.271159146579591,1.06015074815484,2.99873516316876,0.715834873013075
"54",0.658187817714788,0.610153047205012,2.54224979595445,0.179434304126922
"55",0.409598392928107,0.88481506108843,2.36117863119024,0.234115497097558
"56",0.106665623479917,1.06290645304962,1.7698432053485,0.526638238575556
"57",0.399282325936269,1.11171825218391,2.61945160258421,0.761508035202004
"58",0.190955269724712,0.560579436080784,1.3654345981936,0.177290570438933
"59",0.396920903745981,0.736998319743754,1.38143751191451,0.631645430916813
"60",0.609106682520455,0.270773913148132,2.77900128463648,0.433805853583003
"61",0.879884002740387,0.902229244745106,2.54661128364173,0.489528958520262
"62",0.345683877912319,0.529818778342151,3.08909207809795,0.872620653646331
"63",0.856068464719871,0.55731862187693,1.72338021163649,1.00450547210985
"64",0.0989800583936031,1.41447200789873,3.38138215257925,0.380228583556794
"65",1.16449414705729,0.599362621329467,2.73355797592259,0.410970932922894
"66",0.269971780624433,0.645862327424229,2.95095438701499,0.358242185152394
"67",0.874524207569523,0.694840945298336,2.24750146792382,0.631408280862695
"68",3.04632258190727,1.22907715065039,1.11307100074175,0.729922855739314
"69",0.51480314050985,1.02615052208847,2.57513515891718,0.311967168857069
"70",1.18782917537051,0.986628423574354,3.93853824319815,0.33538454576084
"71",0.933266032478236,0.715240395735006,2.58026980320517,0.216875649016048
"72",0.16527552583171,0.818668388235039,4.90373045922616,0.730017888573768
"73",1.20287878854269,1.22767690362568,1.34127287333671,0.40836576230045
"74",0.869801045754825,0.774007444807373,2.20290597848017,0.948312631286587
"75",0.238923516818246,0.697096892828701,3.15758603182354,0.475322983406947
"76",0.8546410797905,1.23202579425163,3.1820848519389,0.59355583576039
"77",0.878598482579461,0.698817825305124,2.30443587426338,0.641264762646501
"78",0.529861296159957,1.04183904723383,2.6642772646005,0.741414353045164
"79",0.190298912017793,0.465913873481202,3.22063081775001,0.498631376981769
"80",0.24129135178821,0.933042067951001,1.28852649599344,0.965398962099768
"81",0.527887527341191,1.18832747885632,2.71623209737932,0.324664356106362
"82",0.904074125438272,1.07018691627745,3.24671838271573,0.96574261945458
"83",0.484247485202288,1.58908819216259,3.72545645771745,0.829338108110715
"84",0.397573491452641,0.444777562206828,1.9155551712476,0.869801881567025
"85",0.604680400909345,1.32327840182866,3.0725506987698,0.536065358493529
"86",0.702257436165169,0.716320599409885,3.26907028567799,0.307351708673662
"87",0.676913984058641,0.934831029820944,2.28232845458507,0.410788096048153
"88",1.14768811227059,0.875259096000879,4.97545680706421,0.481599214263534
"89",0.434913153942955,1.25277162851332,2.21279852465182,0.693344140527458
"90",0.786998372835473,0.519764306418157,2.53626652279085,0.643258484357403
"91",0.440587585273269,0.713930551331427,1.88528429726044,0.322844001170376
"92",0.569507993593616,0.820439298468825,2.06031696705909,0.442463265783977
"93",0.75722448202799,1.25657346783227,1.51040431096536,0.517875532301726
"94",0.235624760886429,0.87177105797061,3.5386857957753,0.525752995381148
"95",0.562477540293307,0.888449242663687,2.49568294648677,0.684960118381672
"96",0.423370416962472,0.61405541561339,2.40746446675014,0.555566925182036
"97",0.259186731103843,0.932324334113261,1.69919320180281,0.422093196533046
"98",0.956842960895987,1.18189507146213,1.50525578438787,0.272522813288434
"99",0.231893522846622,1.51419841530103,1.77081792086016,0.542288742047826
"100",0.683225422089866,1.32204192320025,4.23837680524185,0.42650323020084
"101",0.526904519558523,0.896462644137926,3.26025824240681,0.327685301653432
"102",0.504967665334133,1.86010432360192,2.98367296229708,0.53344026203423
"103",0.25458211625698,1.46149069648803,1.10432220624526,0.314793146064472
"104",0.740106966201249,1.14719912612547,3.75017205872787,0.259854564069617
"105",0.662666688102148,0.615089536812898,1.9094829974424,0.740435479517225
"106",0.322487371696492,1.61934950879263,2.64674136293043,0.35063375081963
"107",0.603320631583951,0.84223420939746,3.63515833253939,0.548472522700613
"108",0.27451172522458,1.16793671304714,4.98333749541789,0.39141331299056
"109",0.706808694023911,1.07758839967772,1.68504938393136,0.44196068304448
"110",0.342956208236235,0.588212346964456,3.15035404353693,0.306713400240542
"111",0.529837657990508,0.998049070670708,3.03930137689115,0.784776563064156
"112",0.510179045533484,1.11437296547928,2.05396815681088,0.38238997538407
"113",0.358908151889655,0.630974379105994,1.70852275183486,0.41260795308259
"114",0.709022388336776,0.774900502554189,3.58033994929588,0.463314764703413
"115",1.02500361556704,0.311272877500288,2.51419736860816,0.605909893085512
"116",0.367827780254201,0.923142567287627,2.75090863951281,0.454199539005257
"117",1.04040310141135,0.884553263246229,1.85031127264497,0.654733885556274
"118",0.494474467997131,0.690238857571897,1.94088244834639,0.25172834624245
"119",0.908025078621868,1.70448334993,1.74217329324754,0.303159676995445
"120",0.429571350283727,0.447583098039938,2.85259123695755,0.529920137200384
"121",0.991816287389907,0.475773259785278,1.9929289994764,0.417489196809781
"122",0.346082818631236,1.01741141721754,3.09396334599926,0.516471714702846
"123",0.289254748652493,0.933490707242816,2.42010184677826,0.343250758510036
"124",1.14339946095201,1.17847465291124,1.88811795262492,0.323977424028359
"125",0.788202442731981,0.658923567226434,3.99647129083069,0.973697925121891
"126",0.25268825071382,0.760821112595902,3.06537470294532,0.41364481622412
"127",0.474238127247954,0.646836408071622,2.32996787724399,0.323615987734777
"128",0.414974634290352,1.10576112293504,2.60044584183128,0.368225905462032
"129",0.635469760910589,1.50467121368091,1.33746005478961,0.680928751247165
"130",0.705823350382123,0.824694050507099,4.2125903855305,0.529600695601025
"131",0.820307299804207,0.687243160846178,2.60950815656074,0.352182089138466
"132",1.12566700605656,0.682392568066908,3.32314587827824,0.739173519597177
"133",1.19276546755378,1.34707122006773,3.23346746566644,0.32909556396135
"134",0.197889522050788,1.26509971717994,6.65405912636826,0.363850258477643
"135",1.03283294688706,0.701937869060092,3.54084030842432,0.352673998955696
"136",0.570585509246848,0.481156712778168,3.52327428660978,0.607472900491763
"137",0.170272739515741,1.10079528841472,3.33389733524772,0.288433744779766
"138",0.181238075603999,0.675415051194446,3.78491221903529,0.478015371880829
"139",0.702575366422512,0.77301476692914,1.88474250125602,0.539520099919795
"140",0.426614342424547,1.24677690147514,2.59969079745146,0.747080698211907
"141",0.669891292161646,0.924636258933917,2.4420162228581,0.384290449658319
"142",0.596499487169484,1.5049023308293,3.56306043020819,0.872818831008702
"143",1.48417633126736,0.92091958061213,1.97712996503913,0.762090820865277
"144",0.159716144322464,1.129805818617,3.03097747265357,0.26739804455025
"145",0.340572010994065,1.8122040247941,1.23521592960003,0.229426467239401
"146",0.355364674348284,1.16814418397254,3.43114220528091,0.32769346345734
"147",0.198401221830249,0.58228070685506,2.47445911023998,0.38255000630083
"148",0.342557762099299,0.399876033025908,1.93037214274692,0.360874414699188
"149",0.606663541848145,0.883994142489867,0.766822601639298,0.874814504128901
"150",0.32478358949239,1.0685423992371,2.51465648857057,0.24451590577284
"151",0.297094688300645,0.873003058844263,4.29100567760291,0.364301889634621
"152",0.111556525633702,0.694425456514041,2.87175530095098,0.313993234346274
"153",1.19197788069014,1.0942532475231,1.94954964510348,0.583433765148762
"154",0.434643092757427,1.06431067286649,2.48264880556107,0.235144680844242
"155",0.324575658830497,0.559468310463795,1.13689508675156,0.442312426716323
"156",0.347527238341403,1.68470153228955,3.17291696246064,0.202208686982423
"157",0.130552166582131,1.53714942575589,2.64606862853651,0.352930573931136
"158",0.0282371195439551,1.16807129016737,1.95008916935827,0.318966550044794
"159",1.01634333009471,0.856017358481499,1.73465495407071,0.561762711973558
"160",0.730635699385177,1.3364361958993,2.23296033592167,0.319201438640799
"161",0.584366614863748,1.13129782247014,2.47145377960711,0.635247243497479
"162",0.202711282001892,1.7203740231003,1.67587956819293,0.634231366945987
"163",0.411325764444548,1.44036082304537,2.63213649042898,0.535079183703648
"164",1.4331241457026,0.863412278635606,1.66451911588811,0.545897886129975
"165",0.36837866875009,1.52609424650874,1.59977205352274,0.77122187643259
"166",0.468569466657934,0.567896157909679,2.44718495489655,0.862866101434621
"167",0.245625800793064,0.962402290240985,3.38543336197902,0.524566989134386
"168",0.11398261391604,0.42685943145243,2.99991005233566,0.42637376023259
"169",0.494613794258251,1.70541306797326,2.31909818804806,0.596876752422293
"170",0.570987849637228,0.638893432719922,3.72012020428033,0.305800899628475
"171",0.652032033843637,0.9017546899308,2.42307416465087,0.312334205119004
"172",0.320087757787371,0.702563137324686,5.22783279145525,0.52958057305977
"173",0.405937699718925,0.829506002708095,2.59520442884811,0.298912126459161
"174",0.306881559064681,1.0310406774333,2.36381211054474,1.05926616830815
"175",0.299103489461333,1.02761245619098,3.24220199399986,0.54262593649224
"176",0.858940543257282,0.814133176918717,3.03177471846181,0.478326964897117
"177",0.208537388962173,1.56994486347057,3.82590796006871,0.140254168894579
"178",0.194788435610793,0.805351954850316,2.51297641267258,0.464211413167047
"179",1.03200571229084,0.594317625612054,2.59195108982871,0.563507516817402
"180",0.40724023794691,1.22843770102575,3.48639505655197,0.380926789826545
"181",0.307070056605798,0.842034931940106,2.14580198750155,0.576783095812411
"182",0.362771588094804,0.739321222469035,2.79164427914177,0.801207926171463
"183",0.32440984180771,1.16597997725835,2.45454239199109,0.551611720462168
"184",0.189545564211867,0.907252080068137,1.62437784288087,0.376886975767012
"185",0.710087598720641,0.888339089830671,2.37792605102226,0.362649788416315
"186",0.316213314978189,0.860838958961253,2.42848172736825,0.813418379253465
"187",0.442811734649753,0.732553266688212,2.82774068412092,0.411180927553432
"188",0.361892034743702,1.04782872360844,2.11070285076753,0.877739979900378
"189",0.209205970228542,0.586840759184083,4.36448511522082,0.777312202732673
"190",0.0824412323671497,1.61253187183241,3.41981601273387,0.782075868879889
"191",0.150836115695847,0.745170907691922,1.19954252010322,0.45969145495145
"192",0.304647769193072,1.0360788851628,1.42773003109547,0.806365405903986
"193",0.687581964805739,0.527128854137227,3.33431866845123,0.626502532626783
"194",1.1705868431181,0.503562403982142,2.32959746840545,0.416113833890527
"195",0.959818281924703,1.57145889662025,1.55918388192071,0.643649679969184
"196",0.781107228713727,1.91328408264544,3.31911820332108,0.696995192894515
"197",1.44623331652019,1.14933437505553,3.60134756155383,0.472069969064759
"198",0.243729991911114,0.689113340453232,1.85962492624176,0.552973067858792
"199",0.201657324197817,1.37542947729674,3.35874091918701,0.4911358109489
"200",0.054759841990402,0.607743616027142,2.86594685552808,0.323685775191721
"201",0.631701018415356,0.701407733977879,3.01799594973911,0.169314774006989
"202",0.518795457226469,2.064267244023,3.1360598947253,0.747072969973421
"203",0.457346015182262,0.751153301635065,4.08384408104629,0.694745700009643
"204",0.647679265900885,0.350719893100743,2.33729473502797,0.753249143675816
"205",0.893096521506517,1.05106558821217,4.21417070786404,0.345404337414909
"206",0.357245985294324,1.3312954566651,4.19607429849514,0.780243403743937
"207",0.900890904917316,1.55317901839923,3.02387749557985,0.761439882461909
"208",0.440124097562253,1.39158846001404,1.82407933342716,0.444113785828266
"209",0.213275089759508,1.30365892723217,2.52479858585647,0.464826623187401
"210",0.414998460274686,1.13695252168589,1.80004793111723,0.391186099341663
"211",0.6983034339984,1.15431340000216,3.7752395602558,0.354315493740679
"212",0.318975162233346,1.50615240937807,3.64605062459842,0.414629844139368
"213",0.55669592283973,1.54067089405726,5.66448700835742,0.655706275000178
"214",0.38042419736308,0.660468303708434,1.55533848342402,0.490405893360905
"215",0.627784051832811,0.981529971932389,1.23523107452951,0.472434016261724
"216",0.541429235275015,0.472743439185556,4.57709423652306,0.690276732064626
"217",0.583833148871529,0.849489838536919,2.7934560096161,0.327748314215038
"218",0.345446715341131,1.16113074154087,3.13710152336491,0.204674875801168
"219",0.204454184962203,1.38999550967346,2.33573811711586,0.580021133939723
"220",0.76831466823333,0.883505211204875,2.32984805820947,0.490957427725476
"221",0.417540603992564,0.75298516588865,2.59400833525366,0.757540087830555
"222",0.415136009261374,0.572258856360668,3.52478547636328,0.558717596504724
"223",0.406108220438167,0.836511091066872,2.40820512763973,0.661569346076756
"224",0.814625285426444,1.04916828898522,2.28518475853811,0.559526804514934
"225",0.626867892891736,0.773651349470234,2.3877924860141,0.965576305539029
"226",1.16861226382567,1.44281694200348,3.76420075602164,0.531279919170451
"227",0.372790421753614,1.15229127734263,1.7845205092566,0.430141564114078
"228",0.652836554176286,1.07909305094152,2.21373213967751,0.490916876897999
"229",0.371561107886506,0.644315362631088,2.00856138972629,0.733532237611597
"230",1.80275454510938,0.903320291033385,2.30434006515291,0.828830318997355
"231",0.365306213259473,1.49474750003676,1.96617576658284,0.389648920886353
"232",0.223893597007922,0.902981533870215,4.31849379215553,0.420466960197042
"233",0.232697459405177,1.17452893849609,2.13619688275939,0.291749053102572
"234",0.392145782522111,0.75879719354594,2.705140260597,0.56000349272699
"235",0.429268778146096,1.39384639380429,1.88397788372965,0.481448211668334
"236",0.166080705682304,1.04217579965211,3.30969359167747,0.317626328857882
"237",0.938956227191429,0.750503005538849,3.36099487078597,0.497764848940997
"238",0.142874762988456,0.762026327881197,2.22028141432769,0.284638072400607
"239",0.774733491077161,1.2082198194738,2.67701950111354,0.568458355569465
"240",0.48926931819358,0.38119542218069,1.43430022766835,0.308060943016297
"241",0.209723214420119,0.91958857180431,2.80604618002152,0.664647728620838
"242",0.177184162246501,1.08196269934742,1.56675587156708,0.366563622848397
"243",0.412006936255506,0.895214903726425,2.05309311794251,0.556316652832364
"244",0.227996692216758,0.873954902519451,2.28687671655487,0.362746069713772
"245",0.616930515680058,0.870944286309008,5.08509678323073,0.543016501093863
"246",0.466565650611983,1.41831980989309,6.86833045968324,0.317525694319871
"247",0.588237679688163,1.31045218723834,2.98067883945717,0.638905077353015
"248",0.452700678277336,0.813539582645924,2.30658219754831,0.504477937922244
"249",0.328357725395686,1.58578956179627,3.57554771333638,0.395876751899674
"250",0.142407806035218,0.886469661923353,3.7392543084622,0.33977412946648
"251",0.746085255379099,0.981646511795024,3.50692644939536,0.310668414045238
"252",0.0538163284529664,0.723489631695402,2.18277072981487,0.643283044727222
"253",0.418227233271701,0.999334911794203,3.54444833007906,0.291176057913262
"254",0.606004096770851,1.39948904657,4.22223285644243,0.190605770796437
"255",0.342991796709414,0.951246278408665,3.47923283195438,0.438892981031494
"256",0.340738875001821,2.06442544893087,3.35089479927293,0.530012040413644
"257",0.610404318757723,0.507829396341364,1.78473010743042,0.514995571936698
"258",0.796939590644428,0.68082072442646,1.95372267020723,0.315995635178448
"259",0.722578046461266,1.51883251357366,2.89104242813683,0.175549437357497
"260",0.143554284762887,0.607450498130241,2.10065329261371,0.72377164432385
"261",1.52033864487436,1.02265441735527,1.704103595121,0.435819610860049
"262",0.455450059071164,0.665392728195773,2.00502040981647,0.452737090002869
"263",0.776856597051339,1.13398351164143,1.73876774805807,0.857413993110737
"264",0.2409261455542,1.24474574576931,2.67639056482467,0.27332218802285
"265",0.525340113136679,1.31878009018155,3.2594439712457,0.647228344299355
"266",0.477792032767089,0.531205986079082,2.37199364498275,0.563958463895337
"267",0.768836018944926,0.829481945737096,2.73536105053359,0.401565495448254
"268",0.561899921444526,0.996985100538269,3.38271493181945,0.891159157177468
"269",0.0928211260042049,1.05630341027835,3.16339442850037,0.421102715039771
"270",1.48780044249696,0.903311927776057,2.95307781355838,0.503217757768738
"271",0.267128003393651,0.661959697864296,2.0009482151784,0.703378803535047
"272",0.627926656865001,0.79546222927278,3.03967208003747,0.456869574752628
"273",0.771744774930315,0.788725855926953,3.11299857200223,0.989784005473863
"274",0.340043931277521,0.643244168307164,3.30653866175078,0.299809001847895
"275",0.477553384879133,0.789012261374121,2.01436892369834,0.26298701652701
"276",0.31963410733986,0.702444793454771,3.06065947646643,0.634101971946934
"277",0.993679515585174,1.38163684646378,3.35400981868287,0.521639934212058
"278",0.769871472741792,1.40686463627454,2.7377371222713,0.517903570648921
"279",0.189147728391603,1.1862901946034,0.829243605753835,0.499278408238246
"280",0.480479805372861,0.826991043426137,2.43940645632161,0.316981670254497
"281",0.350597378206191,1.25775965779021,1.90035649747482,0.562418120763394
"282",0.684906614986681,0.692910457479925,1.69862856463639,0.664979493720255
"283",0.672012908258286,1.65845505103712,3.56852879658617,0.88368903078742
"284",0.32121361353091,1.45833650273132,3.99232940118324,0.517096004562641
"285",1.62583178239314,1.47424926585391,2.55954273259969,0.594521021907596
"286",0.412170722160888,0.898800222698396,3.56921286887444,0.67440577834491
"287",0.707809637337216,0.730848844456145,2.22852662119877,0.452719865352816
"288",0.761742469669938,1.31364091379335,4.52223878941205,0.303575191488459
"289",0.379405406399162,1.18507537866133,1.06702449536154,0.286700108789406
"290",0.406274402096717,0.819903383061453,0.626496941663977,0.535929114662171
"291",0.724297037484986,0.663631721304475,2.56314774712146,0.746689810540278
"292",0.395280760861406,0.754182566403236,3.09639408192468,0.340275114355312
"293",1.01911072939859,1.67186289637067,3.92569566522339,0.564850619946093
"294",0.838640112704422,1.17388864385648,2.03795314422548,0.623013481813608
"295",0.968835418625695,1.61537351298654,1.92917352467031,0.614995477933039
"296",0.582561349991878,0.489440211811554,3.13824860562497,0.493285999879759
"297",0.216422118146631,1.20194530450881,1.74993640574817,0.43191029267381
"298",1.09454468866684,0.779556898565086,5.32054291619197,0.36735772012556
"299",0.281679222884335,1.2097589155075,1.28197757248876,0.324933311902108
"300",1.09480025253501,0.980624531468111,4.12371770955487,0.619603394473018
"301",0.510218718939607,1.15403156272636,1.29912857817073,0.384003466124968
"302",0.361882220939497,0.657496516578255,3.47085962702644,0.579976323385748
"303",0.973962258264124,0.91272279190036,3.96921457683055,0.243975470198831
"304",0.463853925155565,0.516811329853612,3.38089783850846,0.28248215932771
"305",0.236081775281018,0.654381322232194,1.97958075304795,0.566332653426729
"306",0.78136845290634,0.752873588673196,1.52095803628965,0.702735551255894
"307",1.09917635494857,0.542708325577374,2.8161039376765,0.72826971053731
"308",0.984879261351138,1.23148318122396,2.00292313051977,0.238763867113197
"309",0.361735819760906,0.987242210885847,2.55625418570565,0.28944660455582
"310",0.634223488327033,1.58670093489707,2.96566457341721,0.354289678094806
"311",0.504730130799776,0.969245407088428,1.43466532013517,0.256311176591366
"312",0.288327877149027,1.71553009467244,1.10327983484206,0.326716955346704
"313",0.918011714255968,1.17775986494004,2.77168656854596,0.342737958532882
"314",0.520773104012601,0.299935398525417,2.77620484217878,0.45107668291026
"315",0.39456827175839,1.03466534838897,1.25543703229781,0.724081345213793
"316",0.121983499081721,1.03509034141459,1.97017736098458,0.277098176893696
"317",0.360536115013032,1.24154974977418,2.31664911293914,0.714790292939724
"318",0.300224173932426,0.915906455025009,1.77472764811367,0.566231130591238
"319",0.818852225665542,1.48782062008974,2.53082459372955,0.576175062054609
"320",0.776956366888444,1.21856330360211,1.90983490416139,0.339305496942877
"321",0.127570870480222,1.29334469695571,1.04904132472472,0.568960317063633
"322",0.321713553978865,1.03325064542539,1.71420610806724,0.56227943736625
"323",0.745614963307192,0.860161312000331,1.50360096139008,0.436421901615029
"324",0.224846033379437,0.561570293859676,3.02846091850176,1.02866801663056
"325",0.814368672921709,1.04053916440506,3.50344423228566,0.527750114623791
"326",0.572589056800479,0.645351725386915,2.40777692312175,0.543198591542922
"327",0.159902803809831,0.941333068475,4.57659355530063,0.535516788370049
"328",0.334776206983119,0.832063454870739,1.76526495743376,0.457037997853257
"329",1.48312340577051,0.722971235960569,2.81592001482649,0.411402138088704
"330",0.238379579189879,0.843972099363212,1.69548849623555,0.585971493630728
"331",1.29397154096644,0.85644111315389,2.78443011783047,0.362393896538568
"332",0.51630574680705,1.13994592614925,2.24764048768606,0.512009602004088
"333",0.227731120169585,0.673826011387324,3.56014239123436,0.409697380433411
"334",0.34221408127927,0.744623470734863,1.85353910154521,0.596982080122067
"335",0.516884764337618,1.45598560868013,2.11740545363173,0.243262914916318
"336",0.750876483052239,0.700855705418185,2.78413188949242,0.580438906293068
"337",0.861012402543354,1.21446332837532,2.96928683739426,0.651137669593528
"338",0.287262680020975,1.07256462950876,2.61485558018711,0.3609517688396
"339",1.64593189685305,0.481841515597087,2.18779778609769,0.63387288256478
"340",0.483610861692371,1.14467524139044,4.12504846864495,0.437301472598538
"341",0.593897439158214,1.14033854907834,3.78278567450498,0.427366963739265
"342",0.422819916892842,1.08503333763232,1.8137252118676,0.333516794383303
"343",1.09069768998109,1.51265334275926,3.18383386898557,1.02555022808295
"344",0.334850704360011,0.781523735115554,1.61777303207744,0.600761284086913
"345",1.12003899707906,1.77484586521855,1.7501172950992,0.819957589984226
"346",0.752836883996958,0.895440213347941,2.87499909296554,0.61736089724744
"347",0.484424752363896,0.314086317516009,2.53937392705408,0.816083558452801
"348",0.318894146858704,0.931064081705806,5.57624912597839,0.311780728707418
"349",0.294087873274537,0.966599144639406,1.92697848090664,0.354409132293296
"350",0.557421893632776,1.47999500667304,2.79159179259314,0.828389317573225
"351",0.501293348142333,0.744453057453443,4.09960638941989,0.517876698554683
"352",0.219114723023069,1.20984093746537,2.82243936940856,0.554664356215913
"353",0.29377422016623,1.47403918977004,3.25468406799505,0.332919429984431
"354",0.216076155471231,1.1658173053643,2.41313513591201,0.423265011673417
"355",0.699565334661414,2.62399779232382,1.92246879705767,0.501338615556604
"356",1.09435772209405,0.8383980415678,1.86596627571633,0.570449450957163
"357",0.685018949001157,0.876953842350953,3.18704501005478,0.307857896785397
"358",0.642978808271843,1.55938104222481,2.55957569109871,0.547128738517911
"359",0.376722060518087,0.64618144304761,2.74314921104268,1.17061451354173
"360",0.249909169780577,1.27300824917492,2.48780479159713,0.243029042345229
"361",0.0648932368889164,1.72857482534609,1.29390063133373,0.463123339047354
"362",0.687946488736799,0.857759657731327,1.88017975527902,0.754913573791732
"363",1.00317699129033,1.74945261986583,2.11343855993034,0.291377981945852
"364",0.287683246665588,0.572832426242863,3.23785784275888,0.707428016791702
"365",0.774101722199905,2.4722969231836,2.41567936616676,0.416218405953281
"366",0.708779569886424,1.2040053314888,2.36161754021847,0.303092423004431
"367",0.0949729746401645,0.519983351574473,4.60504849180144,0.724204571258338
"368",0.498457519180411,0.847568191657954,2.26859316739807,0.74385948559732
"369",0.101729826010114,1.06326857022584,3.9089452310282,0.402486719365832
"370",0.343810345958242,0.980522304966978,2.47568314056381,0.282778848721426
"371",0.986923182251077,0.830236257015807,2.96532830301208,0.606995691561519
"372",0.391064093526139,1.83898965749069,1.82080285262302,0.378629777674921
"373",0.481110455267071,1.34952946727937,2.29877663728404,0.46760086044347
"374",0.59342262758339,0.64871354725242,2.47131666043584,0.367815764724786
"375",0.28254119476842,0.577615785944277,2.9508250258975,0.547640473197102
"376",2.83393930632581,0.578168978102585,2.24389412272643,0.525782851789469
"377",0.192961997572525,0.792658744151274,1.97686541022779,0.465714143969467
"378",0.573606128620495,1.5434986826017,2.66319294689054,0.779902354420934
"379",0.148273170617382,1.67114786960295,2.88762156964075,1.01409331395736
"380",0.297816401906251,1.03444786015101,2.16598455044675,0.416949700430988
"381",0.237228229928075,1.04206826329323,1.92294345255783,0.615621188290884
"382",0.879239997622301,0.756722953671342,2.87242415390932,0.362151634219988
"383",0.517552790557479,2.38748159243199,4.1867452146178,0.855887173704434
"384",0.407131043439872,0.799631655966737,3.34203341793778,0.329959750174186
"385",0.353944406999386,2.2438870151486,0.845552395612443,0.505214980265093
"386",0.237873856797627,0.721184298225014,1.87129188007256,0.512650978895234
"387",0.352107765019899,1.2218991745077,1.45553003484158,0.278404568859874
"388",1.49483701391142,0.799350103009259,2.09951406912887,0.335303393535223
"389",1.29164199574323,1.24791000606345,3.48391474532181,0.571699541329421
"390",0.75502548022352,0.380632833638858,1.76532446634003,0.514453822311856
"391",0.673986486562262,1.15499816427392,2.42148337188984,0.547986453240331
"392",0.399856189252952,1.36720815612918,3.17354340224233,0.139495339589903
"393",1.04381422412754,1.12028104540553,3.13477435222768,0.314666307265117
"394",0.488710387329769,1.00417680245746,2.27587085870519,0.353487667440663
"395",1.81573983060314,1.29487191502319,3.20366730133771,0.492946253858911
"396",1.01257969953392,0.972157102131266,2.17943033319895,0.367258120442904
"397",0.431069984430787,0.655208732246391,1.84068758760752,0.376419204615026
"398",1.02151030504619,1.26857685791986,1.37971604141438,0.633916864772203
"399",1.28908091034567,1.49385858885691,3.43525639412171,0.419532113440793
"400",0.494837416581826,0.776388399644974,2.29924874667552,0.665863393569214
"401",0.382764635910627,1.37885455428278,2.51433448487233,0.558506836378176
"402",0.526771148110013,0.334923869774209,1.31854167779258,0.557753483609436
"403",0.133117878505267,0.524737459098666,2.53003130300366,0.261687632635642
"404",1.08329842976412,1.0351676249098,1.59123525294841,0.368809504989172
"405",0.312218929973921,1.24713417679494,1.63274175956867,0.403165246481628
"406",0.802437492747151,0.476551264583666,2.2009435716341,0.409896473904988
"407",0.455107073090198,1.36515711739949,2.7797824941041,0.599943540447324
"408",0.162148893845082,1.27602313733258,0.839451975296799,0.503730018707441
"409",0.791478595441857,0.63911464549417,1.9060311926966,0.669823923774258
"410",0.155213929699446,0.420147214975193,3.21932234481491,0.328676099880198
"411",1.21890969584892,0.857809922785502,3.8515909364784,0.504895601036507
"412",0.863966535743321,1.05812978213054,2.57407996900793,0.39801268036032
"413",0.778222043863017,0.981615151184578,5.23681652082474,0.581588886963251
"414",0.850160603629679,1.14766825374873,2.0267681499748,0.302469605192685
"415",0.633522466289657,0.463637126348856,2.42417532610683,0.270426309359488
"416",0.69264892224143,1.12605363266554,1.36963304645176,0.366835478474299
"417",0.20585436744698,0.952383400121063,2.16094744902437,0.202992029156542
"418",0.787794060134565,1.15455505494632,3.28415444955212,0.618564877862349
"419",0.413556808348839,1.09227151838199,2.50120043927426,0.775880432201133
"420",0.807834986931172,1.63760978621487,2.50541239625749,0.694172705807079
"421",0.567410313307167,0.939428766045434,4.00540964474073,0.501006207477319
"422",1.35976494250024,0.5988834273715,3.57968460454642,1.08487776782822
"423",0.109145666011954,0.918161233610909,1.7841863030341,0.500066033255207
"424",0.290346045522004,1.94050551010484,2.17580740468668,0.38346033848695
"425",1.24763009841877,0.660556389327339,1.65999252931314,0.52789827602662
"426",0.667024408288179,0.740038575853268,1.6779434268137,0.34677577177818
"427",0.601101185459615,0.856771582792228,2.17062055853434,0.434320185885943
"428",1.20947035860385,0.650685153872244,1.80078855024547,0.367586674704266
"429",0.396774653239345,0.69528115350417,2.73460360304137,0.594935366161173
"430",0.66093488556228,0.726833649282374,1.83327416714451,0.504331047864733
"431",0.499113388774658,1.4285715493018,4.38438741877935,0.45880731305462
"432",1.69853792065617,0.936476239394356,3.19063394303706,0.700428003129522
"433",0.401468403012226,1.04104907841286,1.44748210648828,1.16315847029353
"434",0.431902694949514,0.700947281158337,1.94718257190774,0.734438811071333
"435",0.481111628053822,0.576074913904572,2.25373858691077,0.378097970056365
"436",0.233850548600311,0.738669200546615,2.67228294634208,0.800563915406624
"437",0.509446515277173,1.00322701659429,2.19487187179815,0.371559705415908
"438",0.192638576333241,0.649678254774373,1.19486927101249,0.744984576444677
"439",0.212525595333455,1.25698174832776,2.58139283746334,0.258188525729163
"440",0.491911134411129,0.959129751500319,4.48832643668067,0.320343645220718
"441",0.8889470985406,1.05294941176902,2.34894813842559,0.828232558322478
"442",0.831770466522063,1.16584528874973,2.67020494618033,0.490399974431966
"443",0.689814622094803,0.902101195659721,1.74150000368822,0.376564837392285
"444",0.109973763218169,0.4446458165255,3.42979249890397,0.194085138264473
"445",0.895403581271637,1.14963236883758,2.3761515695641,0.491461102772219
"446",1.51405013482679,0.72601517610002,2.7186016521963,0.477529702452832
"447",0.529492589194922,1.77584214852927,1.67730830467296,0.731505194346168
"448",0.507097612823892,1.60728713641632,3.41646471292648,0.166297105009025
"449",0.527914130947947,0.842209493308787,2.85433659166114,1.09575393209152
"450",0.360590364785262,1.2860124200833,1.94131969759058,0.779739436874858
"451",1.06625478604016,1.62675636631679,3.66173334896876,0.906893900661021
"452",0.249068629697758,0.32408339355413,2.07997885265709,0.11773992257529
"453",0.504730798793204,0.852049697420199,2.5716618127467,0.853895879752521
"454",0.260687461368849,1.06506875388623,2.68819624148622,0.197821220676773
"455",0.327671134520725,0.526707306942718,1.83815947540091,0.363718082241887
"456",0.33613267146441,1.29195515599108,1.98051531922192,0.569794068020232
"457",0.797736227762486,0.931141096707215,4.34707471247363,0.341767645709279
"458",0.768879189699447,1.2033181553654,3.50908456355372,0.293018488529399
"459",0.0528999823444073,0.786091166292961,4.35436274150019,0.616628563668615
"460",0.645915062435191,1.26004603500728,2.13915784481636,0.420087137487808
"461",0.170514227454571,0.587412890763572,2.31165704520742,0.438639246571174
"462",0.120640436502451,1.07316589855574,2.53826394339873,0.51975655567434
"463",0.762422929692833,0.78952505614673,2.06114028256933,0.517593942726889
"464",0.888550461579364,0.817694981928384,1.48236324107127,0.866529786132761
"465",0.893650545427652,0.795408784970866,1.89025507804498,0.782675533487287
"466",0.36505186713603,0.808915531844507,2.12970821614483,0.215155610232054
"467",0.830732607741118,0.993983827021451,1.66224886331588,0.229741320655134
"468",0.542114040114995,0.479912456369259,2.93143191943195,0.425567933371979
"469",0.111951258169592,0.82012936812685,2.26867801447359,0.875099436423373
"470",0.287414677297117,0.933198581517802,4.41480229828531,0.30951283205539
"471",0.614059443173862,1.04075436123292,1.93579721620156,0.476419346999506
"472",0.577376551139616,1.6498556696409,1.25458043037413,0.254927541122753
"473",0.47034252111119,0.864849863022207,2.77179084027306,0.712217433325344
"474",1.0404393525665,0.845585201194625,2.6320670063335,0.399965747251008
"475",0.530691718499048,0.868059262245533,2.02065803154578,0.445800925958321
"476",1.12021829255677,1.288168347833,1.19546229451367,0.527809343337955
"477",0.51764395292937,1.57240780350695,3.76394471135706,0.475748038548368
"478",0.300129462532343,0.737240754727574,3.39891772818701,0.327534751186425
"479",0.0868371991240389,0.751533457991964,4.04711649673265,0.604263080084197
"480",0.727700298684899,1.07236765070207,2.35516672506829,0.415831821829353
"481",0.492997358323004,0.859602919317181,2.03456134265241,0.545317310512146
"482",1.21459595228822,1.28017950893322,1.2028938301839,0.50347222438637
"483",0.279710238282945,1.42978315120165,3.96220375732613,0.830894480665976
"484",0.964373411806752,0.605444692011423,2.89720694079097,0.392334386344866
"485",0.560253992437701,1.00299019837645,2.2830674554374,0.239917869258335
"486",0.260268465933018,1.27475880796156,4.20889667996718,0.5389511308507
"487",0.703146239603686,0.828965646972187,1.38921618782163,0.620927514837036
"488",0.134565752462805,0.668620613019434,1.7073049955661,0.363883570142499
"489",0.308995044547602,1.26921111218313,4.64159497703273,0.492327871126973
"490",0.451944935169522,0.512791649937184,3.79487401151966,0.207290813615627
"491",0.83950649398294,1.0526360152064,1.95682802799119,0.738770778776348
"492",0.588001937599287,0.997137918075278,2.42320272751735,0.306968413351355
"493",0.326300365288171,1.11781965241597,2.52842493051986,0.544645151118118
"494",1.72156818142755,0.836961371850792,1.95480711641842,0.508161578293615
"495",0.759762417351796,1.11472450013303,2.04382322435903,0.375743809874197
"496",0.965386839444034,1.43144909776969,2.35822730956566,0.284256068868292
"497",0.465340722681184,0.583243060534685,2.07679737716814,0.419059212390664
"498",0.367489644197875,1.19223979016007,3.63508385006729,0.577191568196603
"499",0.784124492396631,1.18598170451598,2.41274439962289,0.839911882747774
"500",0.221418342607814,0.511793916265982,2.98710369313648,0.372134587815227
"501",0.338643487779907,0.772704029472893,1.55046892359325,0.542891020665266
"502",0.850986006166447,1.12379351689652,2.88230621071578,0.405041877289071
"503",0.403695120075856,2.34501142490012,1.20922152710736,0.490334168846154
"504",0.328793130976905,0.477509000054569,2.0527192996788,0.317211023249265
"505",0.463102575555153,0.994216839177163,2.58985320473456,0.322898588690888
"506",0.239103182160139,0.988282998922721,3.1761574566762,0.530813933980955
"507",0.219171961307193,0.725631318077211,1.99136607583748,0.19999356925657
"508",0.482854699075021,0.491278820296251,1.01856636510299,0.201116535509857
"509",0.283298168305423,0.979523719662169,2.92853844971256,0.404051389379765
"510",0.527117407289846,1.10656554037708,2.79488475718627,0.754722800173531
"511",0.460288784723263,0.574050548488993,2.02405861193449,0.668733589118673
"512",0.236673316036905,0.981972053584174,1.40859358329906,0.223634848544207
"513",0.331414059126822,0.606683622037315,2.2668895808186,1.15561576844007
"514",0.939272816260129,0.859455495200056,3.12963825943431,0.405494221396224
"515",0.545187817066255,0.602972856398013,1.90396742670147,0.409889759358816
"516",0.238479697200857,0.799320684813898,2.19382761862399,0.714940182686494
"517",0.500575605005993,0.530605827464951,3.03599159923816,0.470240538479266
"518",0.513485742469389,0.675159256501277,1.59163523599838,1.01219355174316
"519",0.314497388310122,0.26426877523686,1.87292836796689,0.604965601314438
"520",0.670251544043284,0.424069112572155,2.35000475894456,0.522333486733776
"521",0.424975509517538,0.932268461714089,2.16397739063713,0.388868697333488
"522",0.624809042170474,0.863675782783065,1.87019973935018,0.463164116817573
"523",0.609300833933921,0.680076612922196,3.97640486267659,0.312285189213784
"524",0.160674629311607,1.02421138722004,3.04805873496347,0.619038623443212
"525",0.575220913398276,0.921106587080683,2.85861734684606,0.227670173013418
"526",0.551854666759943,0.924160981605647,2.68641815801807,0.610053874823306
"527",0.792826790241724,0.936553598458642,2.60181080947339,0.585205535901532
"528",0.608357962395054,1.73508276214792,5.15553800272878,0.526282947209443
"529",0.498582646753362,0.428503873738884,2.69617285489732,0.825850397662592
"530",0.156792563880093,1.11727914167302,2.8349324017792,0.310060092601487
"531",0.672381505966057,1.24370141020554,4.09072517280339,0.278312164012096
"532",1.19313113865705,0.612834067751928,2.02246329353705,0.28840872913138
"533",1.231296818366,0.88769199179618,2.99354844287609,0.276398448860774
"534",0.743681216604921,0.645524456268407,3.96843508249565,0.58931216165947
"535",0.296343303809284,1.0493034143503,1.73960693717284,0.242474679406997
"536",1.01122206450008,1.22486665921356,2.33112943183304,0.4212504561894
"537",0.0996629397028782,0.854445527094667,2.51722065043878,0.660014220196627
"538",0.404502735297259,0.730127486469311,2.63001690113378,0.595592151351784
"539",1.72333565651626,0.883464758197832,0.67968551811169,0.51258230802299
"540",0.66487869597084,0.747002297447556,3.03047509929557,0.541792563361394
"541",0.34605255342609,0.423647290509728,3.43435382597307,0.483201077802742
"542",0.21904569934265,0.77756914072233,3.80396577897674,0.439651612019974
"543",0.229033965799408,0.92750695598139,2.64327712806494,0.453749977991754
"544",0.243393062041976,1.02239752187407,2.73997657055729,1.06642986414989
"545",0.286761162944786,0.290002292847941,4.82625304855792,0.487598961872713
"546",0.56320859750652,0.774802037313269,2.76741457142312,0.358191164871786
"547",0.0960125286509485,0.748785350222169,2.45049286390902,0.631041983122902
"548",0.240517598214387,0.703389429217484,4.01094931113333,0.819378241154355
"549",0.853322264594432,1.10763326037078,3.20374850942537,0.417732310549696
"550",0.37477395393662,0.649246940247358,2.04359425766329,0.437322691426263
"551",0.388469091422406,0.531791632487826,1.80442731108523,0.333395769985084
"552",0.861492199508829,0.651821536747128,2.21135368395001,0.574870968074125
"553",0.296002713897074,0.806392510602597,1.95048158903862,0.362580878761754
"554",0.57199358475646,0.936598539952845,2.86548857169715,0.376511900134962
"555",1.15145489260888,0.73684578377947,1.55735133241246,0.810874099063518
"556",0.0573429163107645,1.85855509894745,4.42637373360681,0.595149854785601
"557",0.706466917539093,0.791763959968163,3.55414552651207,0.428910720637541
"558",0.63071422010729,1.006088487666,2.85965728200725,0.176745317543643
"559",1.19560780324281,0.939326947701709,2.81174954203858,0.296333391146578
"560",0.939099949769656,0.825630003062057,3.28827664149448,0.372937564513225
"561",0.873965734043875,0.761351739085584,2.27045640569745,0.455761902626906
"562",0.533884092894407,0.933257016888159,2.74650847517813,0.529518417010722
"563",0.342950235353535,1.16021281189772,2.68796341632419,0.527360348969888
"564",1.17719706834743,1.09900836675259,2.02274982500944,0.573459656003067
"565",0.602522678762786,0.553851308987196,3.30631762355569,0.59991578404688
"566",0.275724205318425,0.619141760717097,1.90622269760933,0.68274952933148
"567",0.775389957022951,1.12843470742095,4.03621552744552,0.659487472927597
"568",1.05825324079281,1.47494984129377,4.0393494565012,0.36145378594041
"569",0.451272975456286,0.650434967309009,2.50512697819841,0.473568105262573
"570",0.893664907087441,0.516382177701527,4.67658207807096,0.452838267613124
"571",0.896746971556981,0.918857751864803,2.69511663918587,0.691914108532587
"572",1.20312180832828,1.05912764451143,5.34742111368945,0.683376461553137
"573",0.55200062931111,1.19222487028867,3.30299491478371,0.373728220804868
"574",0.63240419705727,1.67809103559264,2.82282546810657,0.374592032891118
"575",0.808345210353048,1.63198846576137,1.88099063724001,0.991777396301588
"576",0.4746067171326,0.652649525389929,2.61706587681261,0.484981104836776
"577",0.746792095890836,0.617979307210586,2.67758520266285,0.398548828019614
"578",0.209094899703293,1.16302549652906,1.09102536698516,0.4871441548859
"579",0.915561313624169,0.753001473999222,5.85485492798704,0.19646908085589
"580",0.732055209588598,0.889821525970771,2.22424261429552,0.593059115048733
"581",0.605927321836031,2.15777259897966,1.68876614128369,0.610450945800681
"582",0.318203603558105,0.91825216513546,3.47238593658452,0.36333293408782
"583",0.191867957827716,0.624990235724002,3.44687601395538,0.309882858758926
"584",0.412391575431626,0.790692783945692,3.02934722984558,0.497583561645794
"585",0.832038875597872,0.629782059329218,2.2058911367592,0.668877901088555
"586",2.10224596029053,1.09181727878645,3.6472689833754,0.301564048603757
"587",0.60218668911768,0.917613649511914,3.59746454880013,0.624801002142633
"588",0.881432447631141,0.785336519569532,4.04584332732323,0.363844665055332
"589",0.58416038204327,0.464734177394705,2.08181765962649,0.416018306116586
"590",0.360161793959603,1.28609186371381,1.92718111927054,0.464819789797172
"591",0.992677437206333,1.17548919578374,1.28809557056168,0.35902930842742
"592",0.240020680633187,1.18071046070145,1.64248741055979,0.338547278009359
"593",0.581006686649841,0.610628772686577,3.98094287897363,0.591251627492616
"594",0.313160780670314,1.42267348457662,1.17351745867019,0.416635316476184
"595",0.989395754619091,0.689298178857938,1.85817099349534,0.412291405767903
"596",2.1523411960888,0.719249296728031,1.65023864998691,0.407142480895453
"597",0.247779617090804,0.564226374944429,3.06882889335532,0.647663784813219
"598",0.254621068705981,0.586765892631692,3.13447209776852,0.403937926179578
"599",0.481961366214913,1.00085328813497,2.13283141040572,0.292016059614728
"600",0.358754699160882,0.811041853232554,2.2039125043659,0.383983147629331
"601",0.288950639987452,1.35727737672449,7.06289890352042,0.509805391087138
"602",0.235028813470148,0.781712878464049,3.95181203970591,0.421940718130147
"603",0.18081827686746,0.650303496600372,2.44425462735981,0.625689178300386
"604",0.484340195110476,0.826956066860422,4.73625012445054,0.539056430178148
"605",1.04556268302603,0.326046724537612,3.95798255743294,0.322123455832072
"606",0.313598522503873,0.711421065716949,2.64727866227934,0.732140378490381
"607",0.746321234886566,1.46873815799818,2.96648889925165,0.383193813541194
"608",0.673240126874391,0.928747980658487,3.81713914050028,0.159923923323538
"609",0.793910170836552,0.770522303292695,1.91056729562301,0.597721958855589
"610",0.953417382412917,1.58925343401401,3.33332466752013,0.49376515213633
"611",0.530652472212806,1.02558580688827,3.66595434728519,0.529402175370195
"612",0.765920318047681,1.38890622935616,2.87332190171053,0.693778553799761
"613",0.400100203579692,1.05482046116472,2.74440498511038,1.01042116969831
"614",0.746065064180729,0.465580447960799,3.41742609491122,0.673661501910961
"615",0.639288960168408,0.851419622747254,1.6775306941456,0.32593659511301
"616",0.255987561884472,0.957728748744862,4.43897587812334,0.566428170497555
"617",0.306348796064668,0.517203427905737,2.76802659257254,0.41939535316312
"618",0.172560034969514,0.685097747655621,1.64783545978896,0.237749682788472
"619",0.401242228290769,1.17112314061153,1.05769072345937,0.239439933154755
"620",0.363790540073069,1.13134154891851,1.6418451546547,0.0713058169165614
"621",1.60418450462104,0.881104104017063,1.84831194234264,0.241403187751703
"622",0.861615514466307,0.864198057580763,1.494466204118,0.607727696088135
"623",0.878377065339641,0.929369720064448,1.83473303184807,0.55111433954507
"624",1.20488858860896,0.489333371655716,3.18207715684362,0.894833252199544
"625",0.524105499776277,1.05526851706458,3.2847969563617,0.429076053724431
"626",0.539210335490669,1.85854976619493,2.28999739268853,0.486281848460661
"627",0.511792867197896,0.62835733069448,1.48857671935575,0.32166567434351
"628",0.525785962360129,0.851218983897457,2.19472053446382,0.59532168521857
"629",0.900469035927565,1.1524403204923,2.21066649754512,0.70037484566329
"630",0.383994567879535,1.1422370798937,2.27468154447431,0.669913606402792
"631",0.581813287421107,1.92685746652453,3.03733966704041,0.805095809074511
"632",0.781658474808943,0.461927814126622,4.30657915985717,0.925061931661606
"633",1.27176170552678,0.985073813420091,2.72164419222961,0.649864439578736
"634",0.694125763280775,1.20684289211865,1.07891242231599,0.44731288183531
"635",0.212734376555214,1.96878492667315,3.35792993126194,0.464797366799596
"636",0.404212905036878,1.00231955414414,3.2254389405392,0.314894312291452
"637",0.892888030030809,0.792587311598554,3.07791758664643,0.268412893762075
"638",0.4648970260139,0.955918079304239,4.61751706639699,0.69666069307529
"639",0.453385370766024,0.858426628523023,3.96123486200241,0.596248296175701
"640",0.632826294907905,0.83084240064168,5.0341115615519,0.344844849152
"641",0.291851937209007,1.475222111008,3.01759008929245,0.535378619547399
"642",0.381797786731715,0.559554895692462,3.81831382886927,0.320652343347789
"643",0.63090023122534,0.773950519852122,1.38178771274418,0.59018783839677
"644",0.832935239040815,1.03733513272302,3.45700938168835,0.274684222481438
"645",0.292339966106934,1.08579493784764,2.87740427862435,0.336527676492034
"646",0.859627162647335,1.41048909848933,2.51002418986163,0.522627416477971
"647",0.584153708273909,1.05197888866278,1.60162318238201,0.37833743132981
"648",0.642179053028713,0.983642904219981,1.47125453895055,0.484636229479675
"649",0.269085740091099,0.644750274481544,2.85002510745022,0.57296329696081
"650",0.243637958709145,0.902886097316157,2.5305555608817,0.388315381869282
"651",0.551533102430069,0.724300853478006,2.33266345834298,0.714666799855747
"652",0.107280358456558,0.790424742469292,1.98215264797244,0.521132909121419
"653",1.02724994516936,0.76534700930661,1.91482939198762,0.364588548346848
"654",1.18020960838825,1.30615787406927,1.45403406845402,0.269983246152102
"655",0.406750546970436,1.93645006358037,3.75890109606752,0.718520939258058
"656",0.513894806634175,0.802663870755335,4.95605064874222,0.615351395680787
"657",1.15760103824944,0.53712126322952,3.25514131113345,0.699228210079399
"658",0.736376982683644,0.453799952454987,3.71480328749131,0.395639252891976
"659",0.279248813659786,1.56034961209358,2.24770669915074,0.527899926404926
"660",0.444833145658463,1.25760124752388,3.07156946014336,0.360857756570567
"661",1.41777538961878,0.993856150300173,3.1300948176423,0.530295966532981
"662",0.475577088635053,1.65647827034564,2.46577935469169,0.436681691576504
"663",0.563140940559232,0.709664357808462,2.21575424574329,0.560516658278888
"664",0.664162994548871,0.899813742724504,2.00314668390363,0.286261669629426
"665",0.0777474985163851,1.00150642577652,1.71694011122669,0.347756207086169
"666",0.60680467806559,1.00401220841679,1.88636941770006,0.264126439845793
"667",0.522879236960741,0.61529522524844,2.88824496882362,0.820743124622499
"668",0.52834823684289,0.979313540770223,3.73025487872441,0.639272969006117
"669",0.622729773316137,0.800313200729498,3.4321443950857,0.225080778909397
"670",0.287701329302229,0.325722192028835,3.13160845178283,0.236253291805188
"671",0.429150436300093,0.970039767576014,1.77811635070801,0.650514587650077
"672",1.12281673278501,0.676457874034582,1.32448310705579,0.432705309569394
"673",0.399507633790344,1.10643405763954,1.46683074641191,0.481007258389032
"674",0.13332287511455,0.868557511762974,2.25503467339232,0.610893794973836
"675",0.137471301694246,0.5944842629182,1.41285296859584,0.322484312813999
"676",0.393019069031343,1.01816601899529,3.40607959491184,0.412524373759987
"677",0.273041039119528,0.67071733679745,2.11212294440226,0.554887301589228
"678",0.712140311512465,0.801140629962937,2.93119910928934,0.623016381170456
"679",0.54672221434033,1.39097484307107,1.76449816235316,0.423632515589439
"680",0.52515217780269,0.817604820980969,1.57678153722944,0.414548624199745
"681",0.244934882371241,0.82549528389635,2.52620163962073,0.473999780413865
"682",0.512293673158456,1.51826464161681,2.28361671648292,0.706925441697252
"683",0.417376472887186,0.98039748735229,4.08915230840993,0.69330705365919
"684",0.332443526336746,1.20799716111202,2.6608381897734,0.308528538672105
"685",0.595904255534499,0.670235601867143,3.22894359994861,0.604578570983292
"686",0.218942630033271,1.78198080009323,1.86696869135136,0.472383313964599
"687",1.09828132507942,0.908299727469514,5.20365574103357,0.442712886782021
"688",0.706036236154455,0.943671606634465,1.77310045625838,0.251693748719946
"689",0.360619094716028,0.812404262942345,4.56141445047084,0.221776253354542
"690",1.12981289777694,0.960474753069689,1.69623374991795,0.482687033843327
"691",0.407302258823442,0.821122613293276,2.28923631533885,0.455542339430314
"692",0.84687157327835,1.06714962549786,2.0215773203744,0.521026320665757
"693",0.559013829453899,1.47369836355002,4.27409987200311,0.758390222707879
"694",2.19500489412404,0.95616457106837,2.22125957326114,0.640471831684791
"695",0.312774921267013,0.82908226527681,0.866105782587834,0.315280022064481
"696",0.476774623402922,0.434295823519078,2.42521056279652,0.449506159953813
"697",0.450754849919557,1.17498924507333,2.01612153474889,0.419577045284289
"698",0.481276914002742,0.722610323633081,3.50068746143046,0.647339286609192
"699",0.201555061567347,2.28925344699154,1.30544556980651,0.441740885367278
"700",0.697111066601388,0.772815350306127,2.24188739757435,0.708768183547348
"701",0.485598488174815,1.15455737727682,2.29546348733556,0.550213626804895
"702",0.956978494592197,0.763521199855255,2.92813111952878,0.36024052254636
"703",0.459027600038687,1.21053446923395,2.75240958641646,0.510911894669527
"704",0.364861633836884,1.31627869526453,4.19629672547934,0.591728246216995
"705",0.0985136674588444,0.900831557325703,4.35038597393256,0.390056550054994
"706",0.445316324020803,1.51670815533632,2.58090927959069,0.619749745547704
"707",1.01107755973093,0.62943187919014,3.21657597407531,0.464459455355966
"708",0.366724734278962,1.37624553602893,1.30484796015382,0.728432875489849
"709",0.256703620181009,1.29297363395844,5.45736204819759,0.340340597477872
"710",0.806268860668459,0.677282769176793,3.46515980664846,0.273525878495311
"711",0.450069957490913,1.23165295621324,3.21927786227661,0.635318581677864
"712",0.989370927925248,1.02893950879823,1.86026459792687,0.807624492217873
"713",0.614937662448396,1.22981190728966,2.72414519006714,0.489017950493327
"714",0.281069317832344,1.73722108352998,2.22994623346227,0.410396311586486
"715",0.203545958090993,1.20174378759505,3.46385605766812,0.504471564958858
"716",0.476319378323563,0.764578049787424,2.43705328255282,0.549613456584774
"717",0.381419086562206,1.97672730262108,3.88007336394117,1.01664184027034
"718",0.376712683813732,0.787433590425045,3.27662807677918,0.585948391435846
"719",0.516389157524742,1.19263559886772,3.17247086787127,0.741575366187256
"720",0.521366214815703,1.0518389668413,3.38162934081582,0.647619768634134
"721",1.14176868685411,0.77974431328824,3.81244300009855,0.407856719726822
"722",1.10906870433287,1.15749365285705,3.23737564203078,0.30441016697405
"723",0.732579697974008,1.20012156601166,3.56521433726874,0.256162142572477
"724",0.122598886903061,0.578722231359952,1.51529552530411,0.554176395878928
"725",0.298320355027064,0.945662141678235,4.00169942178293,0.618720169529504
"726",0.310716802327064,0.913182417715452,3.00204816641513,0.281040769079206
"727",0.270421686152211,0.508980912344045,2.10880226808623,0.801817542947116
"728",0.312728590471834,2.20063794175606,4.10696366067083,0.233181949855813
"729",0.267616472408357,1.23414990377067,3.36460918213054,0.762965583279206
"730",0.224351405407073,0.805754365129774,1.77007355683675,0.382503423940434
"731",1.36021570342947,1.60380207098043,3.71297475330594,0.390223891587458
"732",0.650574702892329,0.815875711619257,2.65846279022691,0.735760982408257
"733",0.655706160301013,0.47745534629127,2.30639851481845,0.235291505135693
"734",0.121551835904865,1.3134735392675,1.85438168749165,0.735574163925045
"735",0.403857386276227,0.676559115941298,2.19318137375865,0.432505856453788
"736",1.06793920760302,1.40114273536416,2.58203949523638,0.742491701792073
"737",0.601484537780228,1.00970930218329,1.01024377189415,0.394407873677087
"738",0.556794401911021,1.01243882152456,1.55468882974685,0.288007675760817
"739",0.918687710887863,0.551409828479477,2.54845634062627,0.487950955074255
"740",0.0534085409750725,0.744494160794458,2.30768816491076,0.193951738899674
"741",0.530716260292764,0.949188925473851,2.13391003691302,0.661291697235517
"742",0.785476669739089,1.25884824226744,1.99807064657849,0.357071569432204
"743",0.779468050848631,0.495843861494146,2.75302451446552,0.150195696219592
"744",1.12221892613935,1.62193475539868,2.69890794704562,0.651411047492143
"745",0.636638710086883,1.09184424071356,3.20651537192762,0.113069799798295
"746",0.5171479707905,0.807847374876506,1.97151815147518,0.683243492545479
"747",0.561518857106152,0.957714060896044,2.89224948907355,0.175163567882872
"748",0.412222166989031,0.857648488388732,3.54536003058189,0.298805746105205
"749",1.32998399368179,0.807460519792264,3.15222455335349,0.344459020363757
"750",0.341079528085507,0.790533115355171,2.6252183868197,0.419253517766292
"751",0.78479430930434,0.599460500708322,2.49071906520635,0.440978420312995
"752",0.503107549848544,0.943479157508039,1.94850109377216,0.774933806792104
"753",0.654540887556714,0.618350841392346,2.10212860455876,0.360520393704158
"754",0.316344843004391,0.641336879523524,1.83803398068984,0.507241479259655
"755",1.24323827340018,0.697531274584185,1.8347988593776,0.394563765660487
"756",0.290988909647924,1.29678007978919,2.7244048687791,0.596426686137919
"757",0.156500570031962,1.23476335264645,3.053041507205,0.368793547428196
"758",0.784980477631462,0.926223700725009,3.04144968412091,0.730029847340315
"759",0.453812482377485,1.48493610090317,2.09420062503321,0.53935578458394
"760",0.745971520474557,2.14311453136246,4.07277566874317,0.638779842614313
"761",0.592228744123782,0.593047668100169,3.76699100282659,0.437590709021173
"762",0.655519045206214,1.09748748151568,1.5745659934163,0.381467383276337
"763",1.37761227330659,1.16327329808823,2.82319490351194,0.812388853283486
"764",0.178070910117802,1.2693149811966,2.6134801972952,0.279537995786708
"765",0.226779257079165,0.823285128285605,2.01455095299453,0.698408657147072
"766",0.42643205170286,1.52906657167718,2.62875189303524,0.426259457555266
"767",0.422652885593944,1.16353594139612,4.77780294348687,0.170727722051183
"768",0.688542722433795,0.381646087048149,3.16040472551114,0.335879112772022
"769",0.367451192035855,0.919155384097031,1.2596400576623,0.376640084803615
"770",0.589136494239067,0.73160567513378,4.33632378620916,0.897411723197366
"771",0.347484581884859,1.16945688980591,1.81079487215298,0.570119463686592
"772",0.859077984277998,0.747958346461287,1.79683317558618,0.545974173395346
"773",0.408432795836122,0.765563803441477,3.2391982287248,0.811074237206094
"774",0.379034997073852,0.682702953410652,2.1576636792327,0.325482591946431
"775",0.601323602590909,0.454060876682329,2.17040009286441,0.694113537553344
"776",0.358095687918726,0.797482213139934,2.15631983779813,0.505674718656365
"777",0.458315980911595,0.48821215895609,1.98642230670331,0.695423271655864
"778",0.316519787672658,0.817570089104612,1.57784410965707,0.66545107257391
"779",0.203036897025629,0.771596149004506,3.11225615029086,0.710242001297494
"780",1.1381998552964,1.32386255176918,2.05156754864107,0.659323433488371
"781",0.920906844332343,1.10644543996798,2.91617057103242,0.61665195898668
"782",1.17722860826766,0.656509870369789,3.09233946118956,0.538255460155355
"783",0.924634227833038,0.981492248078901,4.14325181511971,0.551450940311251
"784",0.352018389254948,0.533391252247458,1.0276188958281,0.320369206402444
"785",1.56592699993218,0.931887681047868,2.19320427075178,0.326534865790477
"786",0.288014157771966,0.640544818975411,2.7846302455542,0.470937974799403
"787",1.12029791210663,0.679500745416926,2.91630050274147,0.514089032120431
"788",0.660635980326188,0.525682344996227,4.40610357442528,0.212707511189793
"789",0.114352493197452,1.03767539842656,2.07748052209717,0.712467323502065
"790",1.01052506671423,1.3636591521991,1.39834941438674,0.303525514321685
"791",0.505267877935624,0.476879001524585,1.99524077945417,0.305739928674238
"792",0.791396923965896,1.24501408019077,3.1107248938163,0.456072214114221
"793",1.59469243649772,0.752498352107679,3.20145798560006,0.523504752105814
"794",0.319462456565738,0.715524065027271,2.35174418366281,0.735844903533102
"795",0.704320135644649,0.539754205048821,4.24742789056315,0.360306272883791
"796",0.513295302783621,0.669668431927867,2.69414185271559,0.227127622138357
"797",0.691063969771994,0.52987700342364,1.11162505504325,0.693806390449855
"798",0.922918848779788,1.00459759123748,2.88321668392968,0.412335213779111
"799",0.426000145546677,0.970360299722648,2.87949224505705,0.391419990133648
"800",0.545712112255219,1.94483918314234,2.04866558639101,0.796534040864537
"801",0.196431289562934,0.639340338227474,2.13901812193738,0.694019305045607
"802",0.445237118494678,0.718588158074523,2.57117423951336,0.632718165907849
"803",0.961471759052733,0.820424442558926,1.61616267014501,0.247232195731042
"804",1.27125538541589,1.06681171493897,3.67450436658312,0.489180560743911
"805",0.437307941290405,0.97932986478286,3.32510185874294,0.46669093694557
"806",0.116615613724224,1.89907216049115,0.956311879372288,0.433561701577023
"807",0.928914481148141,1.35988797326621,3.80164972561279,0.440778962255271
"808",0.365045507575954,0.843600431617607,3.20631206568839,0.690202547648509
"809",0.588467546547568,0.66808988227517,2.06722969833185,0.350400693076879
"810",0.575946000252915,0.993263498692054,1.9870003065952,0.583772554015155
"811",0.31441976936074,1.28444322892607,1.2560978632328,0.717144561419564
"812",1.10010510549905,1.55838200607163,1.62961018999783,0.9888632686618
"813",0.795054158372324,1.34414425358628,3.44780125811137,0.600886209558081
"814",2.29139319273604,0.750782508352749,2.96071789572245,0.709818487513602
"815",1.59674779612843,1.22282023400754,2.45519700806021,0.533841706575084
"816",0.672363661362323,0.976340448310782,4.22406840107378,0.280401776761467
"817",1.137446804738,1.69631800608366,2.46036981753539,0.552933407662802
"818",0.807414877782292,0.770516682575434,2.77368394902483,0.272627920446597
"819",0.587404170805411,1.5681040884348,2.01261395604103,0.51279128566073
"820",0.2608575010126,0.431398495576496,2.70613797298562,0.890752844883566
"821",1.07462234816975,1.03754330229848,1.60192630420683,0.183775387715241
"822",0.412699562911704,0.552538712503384,2.0560164504158,0.450347110983468
"823",0.471346618254618,1.51249187501877,3.77015626762289,0.210976068589751
"824",0.177595318284766,1.14819976273655,2.78389845946719,0.470424618555893
"825",0.343168759964809,1.4967540373251,3.78723496856624,0.390535895450407
"826",0.367368980633809,1.20982208488764,2.41887169149083,0.261680308631893
"827",0.27241869401414,0.875174550040742,2.8127759031453,0.876419646998599
"828",0.755435953153038,0.908741283497727,2.29825521313439,0.41599094027186
"829",0.314983694291955,0.628013466156692,1.92951081513933,0.543001620295875
"830",0.20378535436328,0.62359359143781,3.24423069131305,0.310131566305917
"831",0.437128208224322,0.88524474915671,4.35774763006326,0.279422786348239
"832",0.418940751045683,0.876431600463534,3.27264060544253,0.528467219591248
"833",0.296811818344367,0.809301155497921,1.87431548320566,0.463527830455843
"834",0.251758199565726,1.16526195254935,2.11228563928423,0.489236575727224
"835",0.465388283824525,0.890068345765274,2.79565219979955,0.446016350493898
"836",0.584332671743143,0.511145976172535,2.96588552714652,0.263033171062024
"837",0.476362081513721,1.15763534315692,2.08685179309885,0.507081350718005
"838",0.131873196180711,0.905130167682312,2.16786950944661,0.200058466147434
"839",0.373010029089223,0.517023437598475,2.49367491559336,0.732189890433486
"840",0.98732079408096,0.919319466430823,3.89944956044439,0.514005670468019
"841",0.263079474321963,0.785829974473712,4.03055634883756,0.325151160699238
"842",0.689076052346093,0.605331944128815,1.39533384677047,0.453793091331953
"843",0.143039101210935,1.81609682683514,3.05654714859434,0.217278488210772
"844",0.600173071578647,1.43832099192583,2.14928899596021,0.827727253943268
"845",1.73869639630028,1.32762082098591,2.68540632502426,0.67066636200976
"846",0.636168802343697,0.736486595820336,2.52173244904077,0.609988923387857
"847",0.50192542671111,0.85546376156505,2.17228758550994,0.977485013084198
"848",0.550684857474447,1.06635168345668,1.62544185512146,0.411365708930056
"849",0.157946678258038,1.65108509269901,2.62740093876841,0.364083633812235
"850",0.263286057183261,0.982407156486718,2.22536600899933,0.418470977574041
"851",0.298044818144922,0.480474939581852,5.51776289572119,0.444361651814688
"852",0.421975643215805,0.573410458482975,1.86491950027242,0.468437866719059
"853",0.785244443613508,0.595335904257226,2.52969846840999,0.284306751126348
"854",0.252091745534486,1.37732875092889,2.03677195213336,0.282363484880022
"855",0.655528336942646,0.849551528608989,3.00959146824257,0.550382074811409
"856",0.846149931271951,0.508693707051985,2.35822877990167,0.450189248318534
"857",0.792871435059983,1.15480259496754,4.79346061943606,0.623573609786707
"858",0.479634350782817,1.27879521179577,1.96512134140363,0.583412365839272
"859",0.144839029156929,0.662537212242279,1.34177064165269,0.481549754870118
"860",0.755769404031505,0.949194382409755,1.75369719887767,0.592783087683389
"861",0.681938713851734,1.46738714236839,3.59130467963871,0.706478681273477
"862",0.543422830835319,0.664142198788739,1.65672591089001,0.379739133785431
"863",1.40249289659892,0.530866123295953,2.32144491500652,0.40808916817619
"864",0.347279471026653,0.728677377323082,1.91558308709392,0.882747025700136
"865",0.475317360907552,1.00013887941223,2.1368261417923,0.310481833551586
"866",0.127806327742966,1.03169473455223,0.817067649500951,0.712556313656425
"867",0.21369531944852,1.62829059362176,3.54439464954226,0.471087382632845
"868",0.226588520908263,1.21847798278368,2.8375317152271,0.542021840239089
"869",0.907977757145865,0.942748422359632,3.00344715851803,0.428751393628343
"870",0.835028104245297,0.682548253045152,2.83030515931706,0.572275927060884
"871",1.03308472140319,1.00078240258495,2.05165217824647,0.241223390524357
"872",0.335578560369076,0.441925705350536,2.72932186250631,0.273191324041564
"873",0.445051503677165,0.436395847979568,3.07552553797618,0.546506098594977
"874",0.329453975166875,1.33522217599801,3.23773784543153,0.353644927023377
"875",0.626601499608957,1.40487285559922,2.36103862865568,0.584821003748547
"876",0.395255710373086,0.3701829241623,5.08128381839297,0.278338137882209
"877",0.532757735888704,1.1006244625441,3.0670003571987,0.575123456395303
"878",0.145052120776873,0.705753778735699,1.68941477222718,0.490532576557244
"879",0.69421361744043,0.737560795154546,2.84836627880673,0.25428649343985
"880",0.497357169578288,0.834825185611805,1.50383524924944,0.527587046329849
"881",0.672059577638836,0.637293630291209,2.34465428016924,0.692447248858021
"882",0.812344951669393,0.685175508480041,4.00278970210173,0.486399256552618
"883",0.814899501957708,0.875147991966339,2.10471689227517,0.551544323291239
"884",0.55755533601718,0.748872568069074,2.15113163586132,0.554679737761114
"885",0.83509130507194,0.57867529867171,2.94356978785339,0.630142332067094
"886",0.234194000604195,1.43145423184434,2.24421859778636,0.484479156578162
"887",0.258566011296313,2.14332338139793,2.42323553604495,0.591378163035155
"888",1.21316250342292,1.44422681477966,4.19934134103489,0.520316091900512
"889",0.803119148810896,1.19345105825838,2.54129959322888,0.236890873474232
"890",0.735256966220001,0.611459528400206,3.86841722144981,0.70880674153865
"891",0.179569864823253,1.07599132070459,2.04562905982194,0.245195258726575
"892",0.814451989451987,0.795833563089876,5.0979301803782,0.608693967026838
"893",0.595182939046518,1.04136017401388,4.54631633890743,0.380657638435982
"894",0.28485719141883,0.834383111754921,2.52405716502863,0.460834656309591
"895",0.16549887950575,0.623080461703501,1.50225847682859,0.525881888690262
"896",0.563254662978422,0.605953871145025,4.09055056828767,0.565579037574337
"897",0.281017909646906,1.35904698275811,2.14997262031652,0.34145013569837
"898",0.395202616902544,0.906554664888086,2.41556838115784,0.59685262544683
"899",0.558458546824478,0.921126380695763,2.81992894094158,0.684562064668607
"900",0.650078833256395,0.813260187161808,1.83358355686286,0.605401711731106
"901",0.927025140229923,1.34232669079445,1.86217807614681,0.724325803936783
"902",0.531244379690472,0.962012835320163,2.95767531455899,0.604995683078043
"903",0.835351991742385,1.26079423673154,3.45010134832038,0.454411975653806
"904",1.33692865313027,0.694561551899095,1.96313300752522,0.553699475401678
"905",0.586084090240977,0.985070246896837,2.18758377077269,0.425320430354432
"906",0.443930945897392,1.04131779663363,1.38626822668907,0.347917881885943
"907",0.385702367259014,0.688945485583349,3.19935418897569,0.435270341554043
"908",0.327208600706871,0.433334333489819,5.19443010216653,0.247479300357705
"909",0.520168629841527,1.83636971687131,3.02296918181245,0.579094496285228
"910",0.164254007629525,1.30016133895971,1.43543444516803,0.563408693318518
"911",0.464750891781692,0.567078525349681,1.90532338796866,0.695743719131017
"912",0.958224925122356,1.04630761652237,2.78811897767107,0.998887365787766
"913",0.83324564158811,1.76013061149342,3.56566061528115,0.427926049010871
"914",0.801541026098779,0.978634364330087,4.15926812065395,0.466267099053502
"915",0.807480016151952,1.09466775722074,1.38271359484076,0.364436895572958
"916",0.308425310349515,1.75606714886358,3.07262538025761,0.412973463915246
"917",0.51027480596582,0.958704132420673,2.36528277468173,0.67318685452433
"918",0.49374710238568,0.79787063239532,3.891012392503,0.769118432927846
"919",0.477287761553966,0.865753677001058,3.18978819739954,0.506334355062258
"920",0.598766326722288,1.21338176722361,3.14937090352281,0.497379749014986
"921",0.309301660329003,1.16448039280364,2.51943665205251,0.46292369339845
"922",0.410703905591487,0.929805507063275,2.83045874948686,0.449016503787739
"923",0.195585260740334,0.718912517895665,2.1093262751089,0.846396561552139
"924",0.750292483523413,1.24138394322996,1.37310672999156,0.576891114126166
"925",0.363410020402001,0.671382637104668,2.57333098481553,0.384922921849571
"926",0.0595860061558819,1.36011691780494,1.63263611074819,0.41176741705756
"927",1.02978383222453,0.88270195825194,2.06986931848672,0.583534453573094
"928",0.145031219768359,0.756162242266992,1.87459909603881,0.354783355621774
"929",0.25962829340895,1.19518315706509,2.85649086408451,0.662779414798659
"930",0.533359795495225,0.951839595916117,2.35156701845157,0.370970251935434
"931",1.00746788703546,0.500902216347717,2.81371856179837,0.370850850904679
"932",1.1892415812517,1.02678121491206,1.91846168494083,1.04116419210735
"933",0.372306290020072,1.22566824824915,2.23603191272439,0.390109007641769
"934",0.407953053098878,0.910510315574583,1.91891309760058,0.702744459665279
"935",0.245271726835369,0.957194125744914,3.92434886620452,0.391233930696646
"936",0.63195665859852,1.08501748985597,3.48046023257154,0.572260772979657
"937",1.57769078076914,0.912403545571846,4.61124219625587,0.39054167657317
"938",1.06369385236411,0.764217528954364,2.08490498278393,0.428550384948885
"939",0.361628953782235,1.23317453317883,2.78163766898527,0.657145711513435
"940",0.766358353175706,1.50168826622107,2.72857099874856,0.375140013004941
"941",0.2704580773333,1.42282362483101,3.19829107348231,0.347641415172123
"942",0.672242391181302,1.27422102630471,1.75827779145605,0.312197410362573
"943",0.606520328924707,0.790285747734844,2.52648968874109,0.356185678525566
"944",1.52913200314207,1.13042934924043,1.38088740370852,0.3462261810348
"945",0.531570882209048,0.989058369897454,2.28966976843379,0.444530616473111
"946",0.632321028461543,1.39872844268755,1.29954922468499,0.485556774414149
"947",0.940910101040374,0.709996805098606,2.96000162258141,0.477725564264442
"948",0.823381840335671,0.846043324006253,2.42240361280893,0.433569987404961
"949",0.957703474839832,0.646329578756396,2.64341341570783,0.52530756951639
"950",0.8761170954216,2.11063835702796,2.2801566894378,0.41899572028261
"951",1.19162300156507,0.672624388882185,2.59837718057975,0.628870678242822
"952",0.334316173255979,0.474788881033244,2.84305023822212,0.654240391281424
"953",0.162681286464738,0.790540414716706,1.68639444601483,0.526774334244636
"954",0.426590774222829,0.526711177628091,3.14904477851001,0.691985747934943
"955",0.407733805483315,0.881808853609099,1.60507883561313,0.337418793518155
"956",0.74920927050666,0.898420372926202,4.02064965437793,0.449791908969243
"957",0.988678504315124,0.987308341802269,4.78413037506233,0.70649138474233
"958",0.466516182257529,1.08941682535822,3.13260309855213,0.650991346690641
"959",1.39466454671072,0.769151724821754,2.26218215844605,0.398759387982369
"960",0.653165771698989,0.559053762180319,2.65419198531964,0.315946961019533
"961",0.974155050310839,0.983585454090556,1.71226346278883,0.348142779007204
"962",0.37479759891097,0.900469233167527,2.47319448798624,0.304145923857665
"963",1.32538233371588,0.566635493232854,4.7112621400357,0.48154607351854
"964",0.397319555493724,1.73865708449438,1.04704766907365,0.700343153320124
"965",0.527205197102501,1.16223181148131,1.25285506859125,0.367195663664774
"966",0.439724569413328,0.97047167797044,2.39731354575659,0.530193169886762
"967",1.73581390634248,1.51920480372174,2.78560287826937,0.516617802700999
"968",0.273957918047466,0.666278428462655,2.0156644949441,0.334049565049885
"969",0.149217271393507,0.626558674220889,3.35006383713327,0.56013684473446
"970",1.18005526736179,0.474385284012288,3.24197776807424,0.502925710166606
"971",0.530878595337277,1.39847869628317,0.708985914857232,0.391604757693276
"972",0.749813919414538,0.708886237572807,1.63680920139728,0.364086704105321
"973",0.168618710285138,1.25055111388024,3.98300373747846,0.202110110755332
"974",0.223801625037043,1.19448199259828,2.6850525842011,0.438775124739474
"975",0.817692793446376,1.37459907470042,2.17887457082165,0.248396710681512
"976",0.154742431891351,0.920535612686426,3.628182443358,0.725376581893951
"977",0.784797483846922,1.05841465764218,3.01797929830115,0.407331560908052
"978",2.28405393874295,1.77416717167786,3.07467945279448,0.428610298783931
"979",0.0870265502251418,0.967753870456612,1.67823017834278,0.710942701882552
"980",0.692741168225744,0.807761024378381,1.54658844715123,0.485597042439574
"981",0.358897725077392,0.578904792456528,2.90498106695502,0.579331411117095
"982",1.23008130011284,0.976421291654166,1.30466612109926,0.345404621528458
"983",0.488280539558203,0.830181051028225,2.34799161345292,0.487328275357715
"984",0.487825501547728,1.35450858093737,1.21791447595021,0.583561429425033
"985",1.35518729053647,0.520671721882094,3.64251325749331,0.632077509476661
"986",0.229964890179019,0.860899521337129,2.01428226043301,0.782749848896742
"987",0.695700115944661,0.570658645448675,2.55393907639009,0.35250508219444
"988",0.090186649387549,1.01489894337758,1.97904525695727,0.305059107102528
"989",0.102002333079531,0.951684528908745,3.09181804697935,0.524008463016436
"990",0.555687563620866,0.839372672346749,2.9120924202354,0.425072049826801
"991",0.458577773848056,0.636449995810121,2.79525700323987,0.397277737512533
"992",0.58260505083026,0.620046698703938,2.48667686254721,0.645683854638556
"993",0.709479864084023,1.24859069489264,2.97461683312469,0.405866262380319
"994",0.468496141679406,0.758652531714451,3.55609066924519,0.679469685713586
"995",0.107249851343657,1.34000807656968,2.78697933068719,0.577208122568084
"996",0.900425381841199,1.28331530259764,2.74859089209219,0.510625280108023
"997",0.387901934652509,1.47776625723017,2.62302501690856,0.294171695493536
"998",0.464641372561341,0.827661977621083,3.12706179754764,0.457294554631598
"999",0.406848013565098,0.930804957118133,1.85861730646829,0.786102106295217
"1000",0.620553922456971,0.946329123065893,1.67354771686977,0.266100076623805
